{
  "com.liferay.client.extension.type.configuration.CETConfiguration~sms-invite-link" : {
    ":configurator:policy" : "force",
    "baseURL" : "${portalURL}/o/sms-supplier-invite",
    "buildTimestamp" : 1755070261958,
    "description" : "",
    "dxp.lxc.liferay.com.virtualInstanceId" : "default",
    "name" : "SMS Supplier Invite Application",
    "projectId" : "smssupplierinvite",
    "projectName" : "sms-supplier-invite",
    "properties" : [ ],
    "sourceCodeURL" : "",
    "type" : "customElement",
    "typeSettings" : [ "friendlyURLMapping=sms-invite-link", "instanceable=false", "urls=js\\main.c6d45092.js", "useESM=true", "htmlElementName=sms-invite-link", "cssURLs=css\\main.15500905.css", "portletCategoryName=category.client-extensions" ],
    "webContextPath" : "/sms-supplier-invite"
  }
}