{
  "com.liferay.client.extension.type.configuration.CETConfiguration~sms-rfq-list" : {
    ":configurator:policy" : "force",
    "baseURL" : "${portalURL}/o/sms-rfq-list",
    "buildTimestamp" : 1755864693087,
    "description" : "",
    "dxp.lxc.liferay.com.virtualInstanceId" : "default",
    "name" : "SMS RFQ List",
    "projectId" : "smsrfqlist",
    "projectName" : "sms-rfq-list",
    "properties" : [ ],
    "sourceCodeURL" : "",
    "type" : "customElement",
    "typeSettings" : [ "friendlyURLMapping=sms-rfq-list", "instanceable=false", "urls=js\\main.919bfdb9.js", "useESM=true", "htmlElementName=sms-rfq-list", "cssURLs=css\\main.1fea5cb8.css", "portletCategoryName=category.client-extensions" ],
    "webContextPath" : "/sms-rfq-list"
  }
}