{
  "com.liferay.client.extension.type.configuration.CETConfiguration~sms-login" : {
    ":configurator:policy" : "force",
    "baseURL" : "${portalURL}/o/sms-login",
    "buildTimestamp" : 1760679434352,
    "description" : "",
    "dxp.lxc.liferay.com.virtualInstanceId" : "default",
    "name" : "Digitus SMS Login Application",
    "projectId" : "smslogin",
    "projectName" : "sms-login",
    "properties" : [ ],
    "sourceCodeURL" : "",
    "type" : "customElement",
    "typeSettings" : [ "friendlyURLMapping=sms-login", "instanceable=false", "urls=js\\main.9e161ee1.js", "useESM=true", "htmlElementName=sms-login", "cssURLs=css\\main.6ab4bd25.css", "portletCategoryName=category.client-extensions" ],
    "webContextPath" : "/sms-login"
  }
}