{
  "com.liferay.client.extension.type.configuration.CETConfiguration~sms-rfq-negotiation" : {
    ":configurator:policy" : "force",
    "baseURL" : "${portalURL}/o/sms-rfq-negotiation",
    "buildTimestamp" : 1757521048060,
    "description" : "",
    "dxp.lxc.liferay.com.virtualInstanceId" : "default",
    "name" : "SMS RFQ Negotiation",
    "projectId" : "smsrfqnegotiation",
    "projectName" : "sms-rfq-negotiation",
    "properties" : [ ],
    "sourceCodeURL" : "",
    "type" : "customElement",
    "typeSettings" : [ "friendlyURLMapping=sms-rfq-negotiation", "instanceable=false", "urls=js\\main.998c051f.js", "useESM=true", "htmlElementName=sms-rfq-negotiation", "cssURLs=css\\main.fc69bf0c.css", "portletCategoryName=category.client-extensions" ],
    "webContextPath" : "/sms-rfq-negotiation"
  }
}