{
  "com.liferay.client.extension.type.configuration.CETConfiguration~sms-invite-link" : {
    ":configurator:policy" : "force",
    "baseURL" : "${portalURL}/o/sms-vendor-registration",
    "buildTimestamp" : 1749638819709,
    "description" : "",
    "dxp.lxc.liferay.com.virtualInstanceId" : "default",
    "name" : "SMS Supplier Invite Application",
    "projectId" : "smsvendorregistration",
    "projectName" : "sms-vendor-registration",
    "properties" : [ ],
    "sourceCodeURL" : "",
    "type" : "customElement",
    "typeSettings" : [ "friendlyURLMapping=sms-invite-link", "instanceable=false", "urls=js\\main.88b62f41.js", "useESM=true", "htmlElementName=sms-invite-link", "cssURLs=css\\main.7e847a7c.css", "portletCategoryName=category.client-extensions" ],
    "webContextPath" : "/sms-vendor-registration"
  }
}