{
  "com.liferay.client.extension.type.configuration.CETConfiguration~sms-invite-link" : {
    ":configurator:policy" : "force",
    "baseURL" : "${portalURL}/o/sms-vendor-registration",
    "buildTimestamp" : 1748429577529,
    "description" : "",
    "dxp.lxc.liferay.com.virtualInstanceId" : "default",
    "name" : "SMS Supplier Vendor Registration Application",
    "projectId" : "smsvendorregistration",
    "projectName" : "sms-vendor-registration",
    "properties" : [ ],
    "sourceCodeURL" : "",
    "type" : "customElement",
    "typeSettings" : [ "friendlyURLMapping=sms-invite-link", "instanceable=false", "urls=js\\main.e39f6a97.js", "useESM=true", "htmlElementName=sms-invite-link", "cssURLs=css\\main.4fedadb6.css", "portletCategoryName=category.client-extensions" ],
    "webContextPath" : "/sms-vendor-registration"
  }
}