{
  "com.liferay.client.extension.type.configuration.CETConfiguration~sms-mom" : {
    ":configurator:policy" : "force",
    "baseURL" : "${portalURL}/o/sms-mom",
    "buildTimestamp" : 1760461174798,
    "description" : "",
    "dxp.lxc.liferay.com.virtualInstanceId" : "default",
    "name" : "SMS Minutes Of Meeting",
    "projectId" : "smsmom",
    "projectName" : "sms-mom",
    "properties" : [ ],
    "sourceCodeURL" : "",
    "type" : "customElement",
    "typeSettings" : [ "friendlyURLMapping=sms-mom", "instanceable=false", "urls=js\\main.d8dea2b9.js", "useESM=true", "htmlElementName=sms-mom", "cssURLs=css\\main.e59fec46.css", "portletCategoryName=category.client-extensions" ],
    "webContextPath" : "/sms-mom"
  }
}