{
  "com.liferay.client.extension.type.configuration.CETConfiguration~sms-invite-link" : {
    ":configurator:policy" : "force",
    "baseURL" : "${portalURL}/o/sms-invite-link",
    "buildTimestamp" : 1746175034136,
    "description" : "",
    "dxp.lxc.liferay.com.virtualInstanceId" : "default",
    "name" : "SMS Supplier Vendor Registration Application",
    "projectId" : "smsinvitelink",
    "projectName" : "sms-invite-link",
    "properties" : [ ],
    "sourceCodeURL" : "",
    "type" : "customElement",
    "typeSettings" : [ "friendlyURLMapping=sms-invite-link", "instanceable=false", "urls=js\\main.f25a5c2b.js", "useESM=true", "htmlElementName=sms-invite-link", "cssURLs=css\\main.7157c3dc.css", "portletCategoryName=category.client-extensions" ],
    "webContextPath" : "/sms-invite-link"
  }
}