{
  "com.liferay.client.extension.type.configuration.CETConfiguration~sms-supplier-registration" : {
    ":configurator:policy" : "force",
    "baseURL" : "${portalURL}/o/sms-supplier-registration",
    "buildTimestamp" : 1753876569769,
    "description" : "",
    "dxp.lxc.liferay.com.virtualInstanceId" : "default",
    "name" : "SMS Supplier Registration",
    "projectId" : "smssupplierregistration",
    "projectName" : "sms-supplier-registration",
    "properties" : [ ],
    "sourceCodeURL" : "",
    "type" : "customElement",
    "typeSettings" : [ "friendlyURLMapping=sms-supplier-registration", "instanceable=false", "urls=js\\main.0356166e.js", "useESM=true", "htmlElementName=sms-supplier-registration", "cssURLs=css\\main.e81e94da.css", "portletCategoryName=category.client-extensions" ],
    "webContextPath" : "/sms-supplier-registration"
  }
}