{
  "com.liferay.client.extension.type.configuration.CETConfiguration~sms-purchase-creation-list" : {
    ":configurator:policy" : "force",
    "baseURL" : "${portalURL}/o/sms-purchase-creation-list",
    "buildTimestamp" : 1747896231907,
    "description" : "",
    "dxp.lxc.liferay.com.virtualInstanceId" : "default",
    "name" : "SMS Business Puchase Creation List",
    "projectId" : "smspurchasecreationlist",
    "projectName" : "sms-purchase-creation-list",
    "properties" : [ ],
    "sourceCodeURL" : "",
    "type" : "customElement",
    "typeSettings" : [ "friendlyURLMapping=sms-purchase-creation-list", "instanceable=false", "urls=js\\main.ef7bbbe6.js", "useESM=true", "htmlElementName=sms-purchase-creation-list", "cssURLs=css\\main.5e224651.css", "portletCategoryName=category.client-extensions" ],
    "webContextPath" : "/sms-purchase-creation-list"
  }
}