{
  "com.liferay.client.extension.type.configuration.CETConfiguration~sms-vendor-list" : {
    ":configurator:policy" : "force",
    "baseURL" : "${portalURL}/o/sms-vendor-list",
    "buildTimestamp" : 1754679152194,
    "description" : "",
    "dxp.lxc.liferay.com.virtualInstanceId" : "default",
    "name" : "SMS Supplier Vendor List Application",
    "projectId" : "smsvendorlist",
    "projectName" : "sms-vendor-list",
    "properties" : [ ],
    "sourceCodeURL" : "",
    "type" : "customElement",
    "typeSettings" : [ "friendlyURLMapping=sms-vendor-list", "instanceable=false", "urls=js\\main.fae988c6.js", "useESM=true", "htmlElementName=sms-vendor-list", "cssURLs=css\\main.e9e175d9.css", "portletCategoryName=category.client-extensions" ],
    "webContextPath" : "/sms-vendor-list"
  }
}