{
  "com.liferay.client.extension.type.configuration.CETConfiguration~sms-navigations" : {
    ":configurator:policy" : "force",
    "baseURL" : "${portalURL}/o/sms-nav",
    "buildTimestamp" : 1752904126307,
    "description" : "",
    "dxp.lxc.liferay.com.virtualInstanceId" : "default",
    "name" : "SMS Applications Navigations",
    "projectId" : "smsnav",
    "projectName" : "sms-nav",
    "properties" : [ ],
    "sourceCodeURL" : "",
    "type" : "customElement",
    "typeSettings" : [ "friendlyURLMapping=sms-navigations", "instanceable=false", "urls=js\\main.dc68a716.js", "useESM=true", "htmlElementName=sms-navigations", "cssURLs=css\\main.b2d0a7f8.css", "portletCategoryName=category.client-extensions" ],
    "webContextPath" : "/sms-nav"
  }
}