{
  "com.liferay.client.extension.type.configuration.CETConfiguration~sms-supplier-nda" : {
    ":configurator:policy" : "force",
    "baseURL" : "${portalURL}/o/sms-supplier-nda",
    "buildTimestamp" : 1754453264194,
    "description" : "",
    "dxp.lxc.liferay.com.virtualInstanceId" : "default",
    "name" : "SMS Supplier NDA RFQ Submission",
    "projectId" : "smssuppliernda",
    "projectName" : "sms-supplier-nda",
    "properties" : [ ],
    "sourceCodeURL" : "",
    "type" : "customElement",
    "typeSettings" : [ "friendlyURLMapping=sms-supplier-nda", "instanceable=false", "urls=js\\main.7aa63b47.js", "useESM=true", "htmlElementName=sms-supplier-nda", "cssURLs=css\\main.f35bcbd7.css", "portletCategoryName=category.client-extensions" ],
    "webContextPath" : "/sms-supplier-nda"
  }
}