{
  "com.liferay.client.extension.type.configuration.CETConfiguration~sms-rfq-details" : {
    ":configurator:policy" : "force",
    "baseURL" : "${portalURL}/o/sms-rfq-details",
    "buildTimestamp" : 1750823369763,
    "description" : "",
    "dxp.lxc.liferay.com.virtualInstanceId" : "default",
    "name" : "SMS RFQ Details",
    "projectId" : "smsrfqdetails",
    "projectName" : "sms-rfq-details",
    "properties" : [ ],
    "sourceCodeURL" : "",
    "type" : "customElement",
    "typeSettings" : [ "friendlyURLMapping=sms-rfq-details", "instanceable=false", "urls=js\\main.393d7cbc.js", "useESM=true", "htmlElementName=sms-rfq-details", "cssURLs=css\\main.9064effb.css", "portletCategoryName=category.client-extensions" ],
    "webContextPath" : "/sms-rfq-details"
  }
}