{
  "com.liferay.client.extension.type.configuration.CETConfiguration~sms-requisition-list" : {
    ":configurator:policy" : "force",
    "baseURL" : "${portalURL}/o/sms-requisition-list",
    "buildTimestamp" : 1757521626199,
    "description" : "",
    "dxp.lxc.liferay.com.virtualInstanceId" : "default",
    "name" : "SMS Requisition List",
    "projectId" : "smsrequisitionlist",
    "projectName" : "sms-requisition-list",
    "properties" : [ ],
    "sourceCodeURL" : "",
    "type" : "customElement",
    "typeSettings" : [ "friendlyURLMapping=sms-requisition-list", "instanceable=false", "urls=js\\main.a3223475.js", "useESM=true", "htmlElementName=sms-requisition-list", "cssURLs=css\\main.4b697788.css", "portletCategoryName=category.client-extensions" ],
    "webContextPath" : "/sms-requisition-list"
  }
}