{
  "com.liferay.client.extension.type.configuration.CETConfiguration~sms-header" : {
    ":configurator:policy" : "force",
    "baseURL" : "${portalURL}/o/sms-header",
    "buildTimestamp" : 1760091195559,
    "description" : "",
    "dxp.lxc.liferay.com.virtualInstanceId" : "default",
    "name" : "SMS Header",
    "projectId" : "smsheader",
    "projectName" : "sms-header",
    "properties" : [ ],
    "sourceCodeURL" : "",
    "type" : "customElement",
    "typeSettings" : [ "friendlyURLMapping=sms-header", "instanceable=false", "urls=js\\main.1e69b725.js", "useESM=true", "htmlElementName=sms-header", "cssURLs=css\\main.f55dc920.css", "portletCategoryName=category.client-extensions" ],
    "webContextPath" : "/sms-header"
  }
}