{
  "com.liferay.client.extension.type.configuration.CETConfiguration~sms-business-user-new-requisition" : {
    ":configurator:policy" : "force",
    "baseURL" : "${portalURL}/o/sms-business-user-new-requisition",
    "buildTimestamp" : 1747896049953,
    "description" : "",
    "dxp.lxc.liferay.com.virtualInstanceId" : "default",
    "name" : "SMS Business User New Requisition",
    "projectId" : "smsbusinessusernewrequisition",
    "projectName" : "sms-business-user-new-requisition",
    "properties" : [ ],
    "sourceCodeURL" : "",
    "type" : "customElement",
    "typeSettings" : [ "friendlyURLMapping=sms-business-user-new-requisition", "instanceable=false", "urls=js\\main.af87e4a1.js", "useESM=true", "htmlElementName=sms-business-user-new-requisition", "cssURLs=css\\main.1639118a.css", "portletCategoryName=category.client-extensions" ],
    "webContextPath" : "/sms-business-user-new-requisition"
  }
}