{
  "com.liferay.client.extension.type.configuration.CETConfiguration~sms-rfq-response" : {
    ":configurator:policy" : "force",
    "baseURL" : "${portalURL}/o/sms-rfq-response",
    "buildTimestamp" : 1757678986643,
    "description" : "",
    "dxp.lxc.liferay.com.virtualInstanceId" : "default",
    "name" : "SMS RFQ Response",
    "projectId" : "smsrfqresponse",
    "projectName" : "sms-rfq-response",
    "properties" : [ ],
    "sourceCodeURL" : "",
    "type" : "customElement",
    "typeSettings" : [ "friendlyURLMapping=sms-rfq-response", "instanceable=false", "urls=js\\main.e51db5d6.js", "useESM=true", "htmlElementName=sms-rfq-response", "cssURLs=css\\main.d7992b91.css", "portletCategoryName=category.client-extensions" ],
    "webContextPath" : "/sms-rfq-response"
  }
}