{
  "com.liferay.client.extension.type.configuration.CETConfiguration~sms-requisition-details" : {
    ":configurator:policy" : "force",
    "baseURL" : "${portalURL}/o/sms-requisition-details",
    "buildTimestamp" : 1754372532964,
    "description" : "",
    "dxp.lxc.liferay.com.virtualInstanceId" : "default",
    "name" : "SMS Requisition Details",
    "projectId" : "smsrequisitiondetails",
    "projectName" : "sms-requisition-details",
    "properties" : [ ],
    "sourceCodeURL" : "",
    "type" : "customElement",
    "typeSettings" : [ "friendlyURLMapping=sms-requisition-details", "instanceable=false", "urls=js\\main.16487606.js", "useESM=true", "htmlElementName=sms-requisition-details", "cssURLs=css\\main.e6bb0880.css", "portletCategoryName=category.client-extensions" ],
    "webContextPath" : "/sms-requisition-details"
  }
}