{
  "com.liferay.client.extension.type.configuration.CETConfiguration~sms-collaboration" : {
    ":configurator:policy" : "force",
    "baseURL" : "${portalURL}/o/sms-collaboration",
    "buildTimestamp" : 1760461105282,
    "description" : "",
    "dxp.lxc.liferay.com.virtualInstanceId" : "default",
    "name" : "sms-collaboration List Application",
    "projectId" : "smscollaboration",
    "projectName" : "sms-collaboration",
    "properties" : [ ],
    "sourceCodeURL" : "",
    "type" : "customElement",
    "typeSettings" : [ "friendlyURLMapping=sms-collaboration", "instanceable=false", "urls=js\\main.93e0d68c.js", "useESM=true", "htmlElementName=sms-collaboration", "cssURLs=css\\main.70b938c2.css", "portletCategoryName=category.client-extensions" ],
    "webContextPath" : "/sms-collaboration"
  }
}